1.05121481662542E+017	negative	I forgot how sad the first episode of the 5th season of Dexter is. #depressing #dexter #darkpassenger
1.03641916587E+017	neutral	(OFF TOPIC) - there is only 3 episodes on the first disk of #Dexter. Please hurry, @netflix with the 2nd #fitblog
1.00544750414864E+017	neutral	@iheardavoicesay is finally catching up to me with #Dexter. I'm only up to season 4, but he has almost finished season 2 today @ home, ill.
1.01769300683141E+017	neutral	Let's see if I can wrap up season three of #Dexter tonight: only 1 more episode to go till the season finale. Roll on series four please!
1.03277622636716E+017	positive	#3words "Tonight's the night" #dexter @SHO_Dexter
1.06222697310208E+017	positive	#ICanHonestlySay #Dexter is such a good show, I may order Showtime just because of it.
1.04653618153669E+017	positive	@dazzlindez @hotspur18 Don't feel obliged to discuss #Dexter tonight. Living it large in Brighton so please use direct messages....
1.02976668825698E+017	positive	@hughhefner Make sure you & the girls watch seasons 1-5 of #Dexter, before season 6 premieres Oct 2.  Seasons 1 & 4 are the best!
1.05076027692302E+017	positive	Addicted to #Dexter... what's new. Almost done with season 5 and I just got it on Thursday!
1.03535459300413E+017	positive	Beer and chicken night! Watching #Dexter till the working hours (11.59pm - 8 am) Maybe we should reserve the nickname "dexter"? Might be fun
1.00018263337079E+017	positive	Enjoying a night of #Dexter with @DomoniqueP07 :)
1.07551816442585E+017	positive	Finally starting the 5th season of #Dexter.  See ya later, weekend!
1.07641819298406E+017	positive	Fuck everyone else #dexter is my friend tonight. Bring it season 4
1.07355493328101E+017	positive	Yeah boiii #entourage tonight, so pissed that there's only 3 epsdes until it ends. Oh well on the up side #dexter season 6 starts soon...ish
2.6348486207642E+017	neutral	@roslyngjones I'm going Tuesday to the house of blues to see A$AP Rocky
2.64029423173521E+017	neutral	Whoever's going to A$AP Rocky wit me on the 8th better buy their tickets like today. I think imma get mine soon
2.63150115269779E+017	neutral	"@Rican_Amor: Who wants to go to a A$AP Rocky concert with me on the 14th or 15th ?!?!?" you don't have a choice on who you taking we going!
2.64106557392974E+017	positive	@funfunfunfest is coming up this weekend!! We're super excited! Playing the Blue Stage on Sat night right before A$AP Rocky!
2.63048213001535E+017	positive	AHHH! My mom said yes for me to go the A$AP Rocky concert!! Nov 8th we out! #EXCITED
2.63069843765469E+017	positive	May I ask what's so cool about A$ap Rocky?
1.05709609825747E+017	negative	Merril Hoge is stupid. I'm sick of hearing what Tebow can't do. He may not be a #1 right now but it took Aaron Rodgers 3 yrs to start
1.00047175236583E+017	neutral	Aaron Rodgers jersey battery room, under the windmill. Wagnoli - 4 August 2011 - Blog - designer wedding dresses sale,
1.00000950005146E+017	neutral	And on the very first play of the night, Aaron Rodgers is INT'd by UDFA CB Brandian Ross, who returns it for a pick-six touchdown.
1.04742390924972E+017	neutral	Da way aaron rodgers lookin greenbay may take it again
1.0075604032016E+017	neutral	RT @Jim_Alexander: For those just tuning in, #Chargers have linked those two games as pkg. To see Aaron Rodgers Nov 6, you gotta buy tix ...
1.06260169549283E+017	positive	@olbagofdonuts Sensationalism at its finest. Next thing you know we'll be hearing that Graham Harrell may take Aaron Rodgers' spot. SMH.
1.01134998102487E+017	positive	All you need is Ryan Leaf and you got a show. RT @jimrome: Aaron Rodgers, Kurt Warner and Kyle Kendrick are all in The Jungle tomorrow.
1.02115800701338E+017	positive	I saw a photo of Aaron Rodgers with some awesome scruff going on today. Did I mention he was at the White House today? IZ COOL.
1.06146612077793E+017	positive	So far I have drafted Aaron Rodgers at #9 overall, and then at #16 in the 2nd round, Matt Forte. Not bad.
1.04320830338642E+017	positive	The score may have been 38-26, but Aaron Rodgers kept right up statistically with Favre. Damn. #skolvikings
2.62572871996543E+017	neutral	Kainis! Bukas na pala first day ng Secret Love (Sungkyunkwan Scandal) sa ABS-CBN. Eh may pasok kami bukas. Diaje naman oh!
2.62488876524921E+017	neutral	Mark the dates: Miss Earth 2012 coronation night Nov 24, Sat, LIVE on Starworld, 8PM. Free-TV broadcast on Sun, Nov 25, 10AM on ABS-CBN.
2.63092466788487E+017	neutral	sungkyunkwan scandal on ABS-CBN.. i just finished the series yesterday..:))))) i may sound like a spoiler now &lt;evil laugh&gt;
2.62389438074728E+017	positive	At noon today, you'll know why #YouCount tune in to ABS-CBN to see the 1st #TVC of the Biggest &amp; d' Brightest #BPO Employer in PH #CONVERGYS
2.62064776883085E+017	positive	NOVEMBER SUPER TOUR: Nov 10-11: Rockwell Ten; Nov 9, 16, 23: ABS-CBN Friday Market. Meet Super Tuyo and Friends! See you! :-)
2.62851655312228E+017	positive	thank you ABS-CBN and BCWMH for the fantastic episode today. Tomorrow again. I can't wait to... http://t.co/ve5Brqh1
2.64250857401504E+017	neutral	ARRIVAL of ship: ARABIAN TAHR Port: ABU DHABI Time: Nov 2 2012 6:11AM (UTC) (Time of arrival/departure is the time the vessel app...
2.642440810462E+017	neutral	ARRIVAL of ship: MATAF PRIDE Port: ABU DHABI Time: Nov 2 2012 5:44AM (UTC) (Time of arrival/departure is the time the vessel appr...
2.64254250736046E+017	neutral	ARRIVAL of ship: NMS 202 Port: ABU DHABI Time: Nov 2 2012 6:21AM (UTC) (Time of arrival/departure is the time the vessel approach...
2.64074811251253E+017	neutral	ARRIVAL of ship: SHAM Port: ABU DHABI Time: Nov 1 2012 6:27PM (UTC) (Time of arrival/departure is the time the vessel approaches ...
2.64206129767276E+017	neutral	DEPARTURE of ship: AL DHAFRAH Port: ABU DHABI Time: Nov 2 2012 3:09AM (UTC) (Time of arrival/departure is the time the vessel app...
2.64228902195589E+017	neutral	DEPARTURE of ship: AMS 111 Port: ABU DHABI Time: Nov 2 2012 4:47AM (UTC) (Time of arrival/departure is the time the vessel approa...
2.64258285136409E+017	neutral	DEPARTURE of ship: ARABIAN ORYX Port: ABU DHABI Time: Nov 2 2012 6:41AM (UTC) (Time of arrival/departure is the time the vessel a...
2.64228911230112E+017	neutral	DEPARTURE of ship: JUMBO SPIRIT Port: ABU DHABI Time: Nov 2 2012 4:49AM (UTC) (Time of arrival/departure is the time the vessel a...
2.64217895452672E+017	neutral	DEPARTURE of ship: SHAM Port: ABU DHABI Time: Nov 2 2012 4:09AM (UTC) (Time of arrival/departure is the time the vessel approache...
2.64232597973E+017	neutral	DEPARTURE of ship: STANFORD PROVIDER Port: ABU DHABI Time: Nov 2 2012 5:03AM (UTC) (Time of arrival/departure is the time the ves...
2.62084640368624E+017	negative	@imjustanerd We may not win Academy Awards, but we will be the freaking People's Choice dammit!!!
2.62985621721739E+017	neutral	@GrantLawrence @CBCRadio3 I'm just suggesting it for the sake of completeness, a la Polaris's May 31st deadline &amp; Academy Awards' Dec. 31.
2.55379961223975E+017	neutral	Actors have the Academy Awards, Recording Artists have the Grammys, and now..DJ's have the GSA's!! - NOMINEES ANNOUNCED TOMORROW 10/9
2.53047415844782E+017	neutral	Seth McFarlane set to host the 85th Academy Awards in February. What do you think of that choice?
2.62981809053266E+017	neutral	The 1st Academy Awards ceremony, presented by the Academy of Motion Picture Arts and Sciences (AMPAS), honored... http://t.co/UWIF37QV
2.58221308767257E+017	neutral	The Clown has broken the record and become the 1st film to win 12 Brazilian Academy Awards yesterday. http://t.co/mbSGY3kt
2.58963620975759E+017	neutral	Today's answer: Stone has received 3 Academy Awards for his work on the films Midnight Express, Platoon, and Born on the Fourth of July.
2.64173733625885E+017	neutral	Would your company like to #sponsor the 3rd annual PNC Bank #NonProfit Academy Awards?  See attached for details. http://t.co/ebZFV0SR
2.59133354803339E+017	positive	The 1st Black woman to ever host the Academy Awards was=&gt;@WhoopiGoldberg! I want to be like her! #BlackHistoryMoment
2.6412489072511E+017	negative	Fuck SAT! ACT is where it's at! :D
2.64094586689954E+017	negative	Talking about ACT's &amp;&amp; SAT's, deciding where I want to go to college, applying to colleges and everything about college stresses me out.
2.64131501376041E+017	neutral	@CASS_TAR is addicted to ACT. She just took one on Saturday. And she just signed up for a third test.
2.64159409800872E+017	neutral	@Lo3o2 Oh iight I can dig it but how you going to act tomorrow night tho younging ?
2.63893912748425E+017	neutral	Also need to be at least accredated in ACT or REBT before the end of 4th yr.
2.64153529374097E+017	neutral	Finished signing up for the SAT and ACT
2.64093407897584E+017	neutral	oH MAN i thought the deadline for ACT was tomorrow I have until the 9th bless
2.63712379831992E+017	negative	@dannyislington nah I havnt knew about the Adidas deal! U like it? I'm undecided....   Where u watching game sat? I'm trying to get it off!
2.64075826377675E+017	neutral	@KingSwaGGyy yeaa im still lookin smh...may have to go to the adidas store. The asian dudes wear em 24/7.
2.64164023858262E+017	neutral	Bring the Adidas sock tomorrow @trytheV3AL
2.64124093958341E+017	neutral	i'll make my bid for the adidas predator tomorrow Godwilling...
2.63749640095146E+017	positive	@thewovenword ....is @ericwfoster going as that "Upwards Kid" that he played so well on Sunday night??!! ....with his prop/friend, "Adidas"?
2.64230311376863E+017	positive	Oh and P.S. big Adidas warehouse sale tomorrow if you're interested!
2.23577094762922E+017	neutral	@PartyMiami247: THE DONKEY SHOW OPENING TOMORROW at the ADRIENNE ARSHT CENTER @ArshtCenter GET YOUR TICKETS TODAY http://t.co/TztF8riS
2.57979710800273E+017	neutral	Friday, October 19th - Talib Kweli: Idle Warship with Res at the Adrienne Arsht Center!  http://t.co/LJ94Bofa
2.58275049075769E+017	neutral	Hip Hop Fans! #TALIBKWELI - IDLE WARSHIP WITH #RES this Fri  @ Adrienne Arsht Center for the Performing Arts http://t.co/ntou49hv
2.05784097694556E+017	neutral	I got tomorrow off!! Woooop!! (@ Adrienne Arsht Center for the Performing Arts) http://t.co/mzdD0SYo
2.55782672662671E+017	neutral	PHOTOS: Rock Of Ages kicks off the 7th Season at the Adrienne Arsht Center @arshtcenter http://t.co/btD3cATy
2.27552643818598E+017	neutral	The Disco Balls are being polished...are you ready!?! This Thursday Night! Join us at the Adrienne Arsht Center... http://t.co/ahrAVMu0
2.59651417738981E+017	neutral	uploading random pics! Lol this is me last Sunday at a show at the Adrienne Arsht Center! http://t.co/LeuEqikT
2.23819688239563E+017	positive	The Donkey Show - Friday the 13th is an exciting day for the Adrienne Arsht Center of the Performing Arts in... http://t.co/bBWutUD0
2.55259343589609E+017	negative	@verumserum Vandals in Oakland same as the night before in SF with Afghans grown in. http://t.co/hTOswj4n
2.48713116181991E+017	negative	Afghans protest against French cartoons, US film: Hundreds of Afghans on Thursday protested for the first time a... http://t.co/72mtIYlV
2.48788478475792E+017	negative	Rediff Live! Hundreds of Afghans on Thursday protested for the first time against cartoons of the prophet Mohamm... http://t.co/Eo6GLev6
2.49178391981474E+017	negative	Wicket, its getting worse for the Afghans, they have slipped to 22-4 after Karim Sadiq (5) was run out by Jos Buttler in the 6th over.
2.48915569829614E+017	neutral	Pakistan to talk counterterrorism with US, Afghans: Pakistan's foreign minister revealed Thursday that her country would soon hold co...
2.53560294452896E+017	neutral	Taken 2 comes out Friday and the Afghans will have it Saturday guaranteed
2.58983566808076E+017	positive	@Mikeisthestig Not in the Afghan halal meat shop but it may as well be with the amount of Afghans and halal meat in the house!!
2.61338179976696E+017	neutral	@bamberwove haha if it gets to serious you may wanna call the original ghost hunter... Bill Murray #ghostbusters
2.63283844860494E+017	neutral	Bill Murray: Yeah, on Monday I am off to meet Infinity Ward about the next game, Modern Warfare 4, Im doing work on the sequel to MW3
2.62384414623936E+017	neutral	C'mon Avila! You just got tagged out by a guy who looks like the kid Bill Murray was researching in The Royal Tenenbaums! #Tigers
2.632351965167E+017	neutral	Tom hanks and bill Murray may be the two people I would most like to meet. Well, them and Scarlett Johansen. Different reasons though...
2.6391769655767E+017	neutral	When "columbus" shoots Bill Murray in zombieland it may be one of the funniest things ever.
2.62283155715801E+017	positive	@lilyeliza1 Bruce Willis, Bill Murray and Ed Norton all in the same film. I may faint.
2.61864089171685E+017	positive	Just cus it's Friday here are 62 reasons why Bill Murray is awesome http://t.co/e78cx5hQ
2.50396367221055E+017	neutral	@dantencer Oct 17 it will be mostly dead but mostly dead is still a little bit alive!! (Billy Crystal the princess bride)
2.43913432015983E+017	neutral	@keltron76 Your helicopter may be wicked, but your Billy Crystal is gonna be the http://t.co/3YMIJe4C #going2Bgreat
2.53306921002607E+017	neutral	@mindykaling is it just me or does "Danny" seem a lot like Billy Crystal in the first 1/3rd of When Harry Met Sally?
2.5771043878615E+017	neutral	@thebrandbuilder @jowyang "See what I just did" sound s like you saw Billy Crystal in Mr. Saturday Night. Yes?
2.53417870481048E+017	neutral	Billy Crystal attends the special 25th Anniversary Screening of 'The Princess Bride' at the New York Festival http://t.co/5juFdoBK
2.3960340831787E+017	neutral	Meg Ryan: They don't make Sunday underpants.  Billy Crystal: Why? MR: Because of God. BC: *blank stare* #whenharrymetsally
2.54246440627487E+017	neutral	We got tickets for the Late Show with David Letterman which will air tonight!  Look for us in the 3rd row.  Billy Crystal is the guest.
2.61256251416117E+017	positive	Love Billy Crystal introducing the 1st game of the World Series.
2.55833579299414E+017	negative	@IvanCarterCSN billy cundiff. His missed FG at the end of the 2nd quarter changed the game. He'll never play again
2.55774409573413E+017	negative	"No you may not kick it."  -Tribe Called Quest answering a text from Billy Cundiff
2.55758962312487E+017	neutral	@bacana1 MT@wingoz: The Baltimore Sun reporting that the Redskins have just Cundiff-ed Billy Cundiff"
2.5598311412652E+017	neutral	If any Baltimore team mascots come up missing 1st person of interest should be Billy Cundiff! Or the Redskins mascot is taken blame him!
2.56605494481936E+017	neutral	Look #Steelers fans I know you may be upset about Suisham missing that kick. Just know that I heard a guy named Billy Cundiff is available.
2.56237809147445E+017	neutral	The pain is far deeper than a Billy cundiff missed field goal. Gotta wake up and forget about it tomorrow. #Orioles #stayhungry
2.55732290246816E+017	positive	Billy Cundiff may be leaving Washington.  Hopefully he won't miss the door on the way out.
2.58380233827303E+017	positive	This President talking about growing the economy is like Billy Cundiff explaining to someone how to make a field goal in the 4th quarter.
2.31779680938766E+017	neutral	@kinagrannis Two Birthday Cakes! One with Jelly Beans! I wonder what kind of Birthday Cake the 2nd one was? Goodnight Kina, Emi, and Misa.
2.20700712261259E+017	neutral	According to the radio, Rihanna's Birthday Cake is the official 4th of July anthem. Sounds about right.
2.51796938016575E+017	positive	@Pikeyessex just in case you haven't had enough we have plenty of Birthday Cake ready for you tomorrow!
2.60485400345326E+017	positive	I still want that Birthday Cake remix that I wanted on Saturday...
2.47522166663418E+017	positive	The Girl with the Birthday Cake on her in the "Birthday Song" video.. Can somebody bring her to my house Thursday?
2.21050208165958E+017	positive	These lil girls singing "Birthday Cake" .....girl it was yo 10th birthday the other day smh lol
2.32642085491188E+017	positive	"Birthday Cake" is gonna be the song leading us into 4th quarter, count it.
2.62628723663192E+017	negative	@Becker_Boris It's almost 2 am in BKK but I can't sleep after the game. It isn't the 1st time we lost cuz of ref.
2.63589560934625E+017	neutral	@RambleAndWander @xavieremir since ET went via BKK and has 5th freedom rights (which can load/unload pax), it's a indirect flight.
2.6357457495067E+017	neutral	@dubonew  Plz,Transfer money in TOMORROW!!. Because we want to success before SM Town in BKK.we have a big project for minseok ^^
2.6352525641164E+017	neutral	@wayne_hay will you be in Myanmar on Saturday? I work with Tom at Spark PR in BKK. We have an event on Saturday in Yangon with Visa
2.63144921228263E+017	neutral	last push! last day of training before the break! then i'm off to BKK on thursday!!
2.62773238592053E+017	positive	@MissPawee yes, it's doable. I was at BKK from march 1-4 at night then flew to europe on march 5 in the morning.
2.64233217870156E+017	positive	@kapoorkkunal Looking fwd to watching it sometime soon in BKK. :-) have a super friday and weekend ahead! Lotsa love :D
2.63742390882431E+017	positive	THANKS TO THOSE WHO CAME DOWN TODAY!! Thanks for the love tonight!! BKK bound now!! See ya party people next wednesday!! #TGIW &lt;3 GHETTO :)
2.52113617854546E+017	neutral	50 bucks to see Dethklok, Machine Head, All That Remains, and The Black Dahlia Murder. I may just have to go see this show with or witho ...
2.53037392292876E+017	neutral	Bloodbeast returns to the stage with Killatoria and new act Predomination. Join them this Friday at Black Dahlia.... http://t.co/nZb6hCmH
2.53717454252028E+017	neutral	Come check out @shoutheyband at the black dahlia on saturday night! It's going to be a party!
2.56465357336895E+017	neutral	OK, who's going to Dethklok, Black Dahlia Murder and All That Remains in Oakland Nov 26? http://t.co/fRDYgdWQ
2.63876241046774E+017	neutral	Polar Dust is hitting Black Dahlia in Boksburg on the 10th of November. Click here for event details: http://t.co/9de40jL4
2.52727217841398E+017	positive	@AcousticCrowds DM me your number and I'll send you a pic of the dress I'm wearing Wednesday. It's perfect for being the Black Dahlia.&lt;3
2.60961069923721E+017	positive	@ashhellaflush haha Black Dahlia was my favorite song by them too!! I miss you too. Are you still going to miss may I?? :)
2.5306560773659E+017	positive	@brittanymariep dethklok is having a tour:) they're coming to Chattanooga Dec 6 with Machine head. Black Dahlia Murder and ATR. I'm going :)
2.4521165800226E+017	neutral	@Q98Rocks Presents: DETHKLOK with MACHINE HEAD, ALL THAT REMAINS, and BLACK DAHLIA MURDER! TUESDAY, NOVEMBER 13TH AT THE VENUE AT THE HUB!
2.49820498089873E+017	neutral	@_justkel so excited about Cannibal Corpse, I've seen Devildriver twice but this'll be my 1st time for Corpse. oh and BLACK DAHLIA MURDER!
2.46458814767981E+017	neutral	Dethklok, All That Remains, Machine Head, and The Black Dahlia Murder at Stage AE November 8th..HIGHLY considering going to that.#heavymetal
2.4520733776846E+017	neutral	Q98 Presents: DETHKLOK with MACHINE HEAD, ALL THAT REMAINS, and BLACK DAHLIA MURDER! TUESDAY, NOVEMBER 13TH AT... http://t.co/OpzJoZzP
2.46632687710904E+017	neutral	So In Flames is coming back in December with Lamb of God, then a couple days later, Dethklok is coming with Black Dahlia Murder #stoked
2.22971666609873E+017	positive	@FuckAria I can wear a Black Dahlia Murder shirt one day, and a sun dress the next xD
2.45245023883514E+017	positive	Dethklok, All That Remains, and Black Dahlia Murder in November? I can dig it!
2.62344808381694E+017	neutral	Alternative news: Black Triangle Sighting in Tucson, Arizona on October 20th 2012 - Red circle with triangle cut... http://t.co/17nxAARp
2.63326353594663E+017	neutral	Black Triangle Sighting in Oranjestad,  on October 11th 2012 - black triangle ufo with resemblance of a stealth ... http://t.co/xE7uSjBc
2.61697954472161E+017	neutral	Black Triangle Sighting in Perryton, Texas on October 20th 2012 - Black object that obscured the sky and stars: ... http://t.co/Vgg6mDbs
2.63326357633778E+017	neutral	UFO Sighting: Black Triangle Sighting in Oranjestad,  on October 11th 2012 - black triangle ufo with resemblance... http://t.co/pwba09f5
2.61693801532379E+017	neutral	UFO Sighting: Black Triangle Sighting in Perryton, Texas on August 11th 2012 - Dark triangle shape across the sk... http://t.co/SRtIs128
2.61697956787401E+017	neutral	UFO Sighting: Black Triangle Sighting in Perryton, Texas on October 20th 2012 - Black object that obscured the s... http://t.co/BSoMVMSR
2.62520401773593E+017	neutral	Yes, it is us: " Black Triangle Sighting in Plainfield, Illinois on January 4th 2000 - Large triangle ... http://t.co/gNrCFo6o " #aliens
2.62806394321904E+017	neutral	Yes, it is us: " Black Triangle Sighting in Pompano Beach, Florida on October 28th 2012 - basically it... http://t.co/W6uCvtlp " #aliens
2.61944802126483E+017	positive	Yes, it is us: " Black Triangle Sighting in Olmsted Falls, Ohio on October 12th 2012 - Triangular sape... http://t.co/p7dDl5yp " #aliens
1.0900105968237E+017	negative	@BarackObama don't do it!  He won't respect you!  RT @thehill: Boehner asks Obama to move speech to Thursday http://ow.ly/6i345
1.0901674417732E+017	negative	Boehner tells Obama that sorry, the House is all booked up for Sept 7, maybe you can come another day... http://j.mp/qaXCPV
1.09002622928822E+017	negative	Boehner wants president to change speech to Thurs instead of going against #GOP2012 debate. What? Same time as Packers-Saints #NFL opener?!?
1.06071742820266E+017	negative	DAMN, Someone saved HOLDER from the Earthquake! technically dont know why w/Biden out & Obama always out Boehner is 3rd in line!
1.09001223956464E+017	negative	The GOP's greatest crime? @pwire: Boehner proposes Obama speech be on the same night as NFL opening night...  http://t.co/aS8DBGS
1.00668742882705E+017	neutral	@PsychoSix-Smoker Beohner "got 98% of what he wanted."  Fact: Dow down 634 today and Boehner OWNS every point. #p2 #fok #maddow #teaparty
1.08577537071911E+017	neutral	@samyoungman Boehner sent a letter? @jamiedupree tweeted yesterday about one from Cantor.
1.09000977264296E+017	neutral	Boehner proposes Obama speech be on the same night as NFL opening night...  http://t.co/kBX7PRr
1.09002088780005E+017	neutral	Boehner rejects 7th, invites Obama on 8th, NFL opening night. So Obama just has to speak @ WH on 7th to "save" football coverage? #doitnow
1.09002569942176E+017	neutral	If he truly loves his party, Boehner should be doing all he can to schedule Obama's address on the same night as the GOP debate.
1.01028289136697E+017	neutral	RT @JoshDorner: RT @ThinkProgress These golf balls with Pelosi's face on them allegedly distributed at Boehner fundraiser today. http:// ...
1.09001043232305E+017	neutral	RT @pwire: Boehner proposes Obama speech be on the same night as NFL opening night...  http://t.co/kBX7PRr
1.00880109921239E+017	positive	@sunnyvegas702 Nice! Disagreement! Of course, he sat down with Boehner only thi (@YouTube http://youtu.be/_darnZtzjJo?a)
1.04032618705715E+017	positive	Hide in country clubs all U want Boehner! ReverseRobocall.com launching soon & I'm one of 1st in line! Join me. #launch http://t.co/6Qpx3X4
1.08126574271926E+017	neutral	Boise State may make Brandon Boykin's day. http://t.co/yBVsBqr /via @wordpressdotcom #uga #dawgs #boise #georgia #bulldogs
1.08156619417846E+017	neutral	Morning paper: Georgia gets ready for the big opener it 'needed.' Boise State looks for a kicker. The Bangles. http://t.co/g0scXUL
1.08262556258402E+017	neutral	RT @Drofdarb23: Damn. Who becomes the 3rd back, Ajayi?  RT @IDS_BroncoBeat Boise State RB malcolm Johnson tore ACL in practice yesterday.
1.08200013364085E+017	neutral	RT @MikeABarber: "We called Boise State & tried to get them to schedule North Carolina on Monday night. They didn't do it" Mickey Matthe ...
1.01755634101404E+017	neutral	RT @MollySportsTV: Our Football Season Preview shows start airing tonight on The Mtn..half-hour, each program..the latest on Boise State ...
1.02191503388054E+017	positive	Girl singing the national anthem tonight is a Boise State student. I gave her a "Go Ducks" before she went out. Didn't seem to faze her.
1.08200058473812E+017	positive	I love you all so much. Come join us on Saturday evening for the UGA v. Boise State game. Game is at 8pm, but we... http://t.co/eF9iQB8
1.06782817962312E+017	positive	In an ideal world Oregon and Boise State will win Sept 3rd and give power to the PAC NW! #GoDucks
1.07960153126617E+017	positive	The other night I had a dream UGA beat Boise State. Let's hope it comes true
1.0453090840884E+017	negative	@Ed001andonly same way as in Bolton are being stubborn and not talking or demanding a stupid fee ? Are you expecting Jim to sign today ?
1.0447039872435E+017	negative	@m11kte Won't see me :( I'm off to Bolton later today for the weekend. Typical timing as ever!
1.04246220180042E+017	negative	I wish I was in Bolton tonight :(
1.01934779318018E+017	neutral	@1074towerfm Pls RT Bolton Society for Blind People are bringing Vegas to Bolton with a Charity Dinner on 23 Sep http://t.co/4mvokMM #BSBP
1.01934137597903E+017	neutral	@TheBoltonNews Pls RT - Bolton Society for Blind People are bringing Vegas to Bolton with a Charity Dinner on 23 Sep http://t.co/4mvokMM
1.01935066871104E+017	neutral	Bolton Society for Blind People are bringing Vegas to Bolton with a Charity Dinner on 23 Sep http://t.co/4mvokMM Please RT xx #BSBP
1.04486912525468E+017	neutral	Paddy McGuinness on This Morning, continuing to show the old stereotype that broadcasters from Bolton have to shout all the time.
1.04141083889508E+017	positive	At Bolton 6th form college... A Level celebrations for tonight include watching a DVD and staying in with the dog + a bottle of vodka #wild
1.05044210943656E+017	positive	I reckon the match between Bolton and Man City should be good tomorrow! #footballseason
1.05029581387465E+017	positive	Ironman UK, Bolton highlights on tomorrow: 7.10 am on channel 4, or watch back on 4OD! Hope i can get a sneaky glimpse on it!
2.36937024748278E+017	neutral	6 agencies, incl. the Bomb Squad, were needed to dispose of hazardous waste at E. 10th St/Post Rd. http://t.co/TnCe4sfH http://t.co/iESfohaa
2.46320883503866E+017	neutral	Last, U-School HC said the next member of the Bomb Squad will be 9th grader Sam Bruce, nephew of Isaac Bruce #2016Prospect @larryblustein
2.22808037637898E+017	neutral	Well, monsoon coming in from the North and the Bomb Squad down in Midtown on the 15th. Time to go.
2.52046986713387E+017	positive	Good morning Bomb Squad family! I hope you all have a lovely Saturday!
2.11638423684002E+017	positive	Gumby may be the answer to our forward woes. The Bomb Squad never stop believing, and we never stop believing in Gumby. #releasethegumby
2.20597931839996E+017	positive	Happy 4th from the Bomb Squad! http://t.co/aEkrD7OV
2.48616610619875E+017	positive	ok Im off twitter for the night til tomorrow Bomb Squad enjoy ur night love you much!
2.1376266697456E+017	neutral	Brit Award winning pop-star Mika is set to return with his brand new album The Origin of Love, released on Island Records on September 16.
2.53932133037523E+017	neutral	So @onedirection will be in the @CapitalOfficial London studio tomorrow morning. Hope no one mentions Harry's Brit Award error
2.45933960461418E+017	positive	@mrjimBob @booksellercrow she's alright, she'll win the Brit Award for best female if she breaks wind between now and May.
2.18984931102163E+017	positive	I just realized that the boys won their Brit Award on my birthday February 21 then I was like partying that time they recieved it!#BESTGIFTx
2.27386894655316E+017	positive	Look how far they've come since July 23rd 2010. They have a smash album, Brit Award, and the even beat out Justin Bieber for a TCA.
2.37943051551658E+017	positive	Our SE member the Alresford Community Choir to share the stage with Brit Award winning @TheBandBlake on Sep 15 @TRwinchester. How exciting!
1.99094694502875E+017	positive	Scoop! Elmbridge Choir performing with Brit Award classic boy-band BLAKE on May 24th at Epsom Playhouse! Yoohoo how cool is that!
2.49099760936559E+017	positive	Three times Grammy nominated, Brit Award nominee and Ivor Novella winner Joan Armatrading takes to the stage on Sunday! http://t.co/M2uukRLx
2.50972603244761E+017	positive	We're in the studio working on the new album and it sounds EPIC. We may as well pick up our Brit Award now, tbh.
2.37887124450464E+017	neutral	5 Times Oscar winner John Williams will receive a lifetime achievement award at the Classical Brit Awards on October 2 at Royal Albert Hall
2.56746460417249E+017	neutral	@russellthevoice Russell u beat me 2 it lol I was gonna tweet about the Classical Brit Awards being on this Sunday xxxxxxx
2.54939280487637E+017	neutral	Don't Forget The Classical Brit Awards At 10pm tonight for a Special appearance of the 25th anniversary Cast of Phantom for 26th Bday??
2.4255600655351E+017	neutral	Laura Wright, Gareth Malone, Noah Stewart and Margherita Taylor attend the Classic BRIT Awards launch, September 6
2.53237627107557E+017	neutral	OMG!!! Ramin and Sierra performing Phantom of the opera at the classical brit awards televised on sunday ITV at 10.30pm!!!! :D
2.42843744049693E+017	positive	@NJHoranHugs Haha, I hardly knew about them and one day I was at her house and she sat me down and made me watch the Brit Awards with her :)
2.54522959409074E+017	positive	It makes me feel so gay that I just set the classical Brit awards to record tomorrow haha oh dear
2.53625693290766E+017	positive	So glad that the Classical Brit Awards are on ITV 1 on Sunday have set the record button just in case I forget to watch.
2.62006730223927E+017	negative	this nigga @OctobersOwn91 just hit a full court one handed shot with brook lopez...smh, 21st birthday shit
2.57981207768359E+017	neutral	@Chris_Cordaro24 1st game in brooklyn and i want to see brook lopez
2.57279110974427E+017	neutral	Brook Lopez gets a short shot +1, #brooklynnets lead 71-56 w/ 4:20 to play in the 3rd quarter. #hellobrooklyn
2.57271378288452E+017	neutral	Brook Lopez scored 9 points in the 2nd quarter and was featured by #Nets. Joe Johnson was absent, but should play in 2nd half. #Nets #NBA
2.58015550997942E+017	neutral	Dont look now but: Brook Lopez had 19 pts &amp; 9 rebs (28mins) in 1st game back from foot injury over weekend. 18 &amp; 11 (25 mins) tonight.
2.59462275512037E+017	neutral	Imma need Brook Lopez to get more aggressive on the boards. 7 feet tall, c'mon son
2.61274407757021E+017	positive	Brook Lopez the 2nd best offensive center in the NBA he not ass
2.57343426083836E+017	positive	son if deandre learned anything more than dunking.he could be the 3rd best center in the league. brook lopez's rebound numbers hold him back
2.54602446389789E+017	negative	@mperillo86 watching Cannavaro on the 2nd even more embarrassing.
1.56452586218717E+017	negative	Although there was that one time he finished 3rd and Cannavaro finished 1st. Yes, Fabio Cannavaro. Bullshit.
2.01663280140386E+017	negative	But this is not the 1st time that Juventus is maximizing the potentials of ex-Milan players..Cannavaro and Edgar Davids are similar cases
2.26414201890025E+017	neutral	@Raheem_orDie tomorrow fc toronto vs liverpool? Are you go at stadium? Today napoli won 3 a 2 vs bayern !! Scored: Pandev,Cannavaro,insigne!
2.10443076760642E+017	neutral	@zachbussey that year is to be unspoken of. Remember those rubber bracelets too? I may or may not have a dog tag with Cannavaro on it....
1.71857139483165E+017	neutral	Drogba(as reports suggest he is preferred to start), If Cannavaro has anything close to the game he had on friday then he takes this.
2.45597031127728E+017	neutral	This is Buffon's 122nd cap for Italy, now just 4 behind Maldini in 2nd and 14 behind the leader, Cannavaro. #Legend
2.1876665570519E+017	positive	@Colliinnn and he hasn't lost a match since Apr 2nd last year, that's consistent, and never forgetting Cannavaro, the 1st defender to win it
2.50219930623037E+017	positive	@Daniel_Dennehy Just saw u with Cannavaro, didn't know u were here in Italy! Congratz for being the 2nd best in the world!!! #Legend
1.88857697985249E+017	negative	Careless World tour hit up 8 places in Cali. Haha the fuck, yoo.
1.9968322220707E+017	neutral	1st episode of Careless World TV from Europe is on Facebook, make sure to give it a "like" - http://t.co/VhRDJB7y #TeamTyga
2.10090360670663E+017	neutral	@MagzLovesTyga I do remember. It was like leaked at 1st so he made a new one for Careless World
2.61645729402077E+017	neutral	@Tyga Ay you gone release the HotelCalifornia in feb like you did with  Careless World ?
1.89939715154256E+017	neutral	Careless World is the album of the year by @Tyga
1.9529963155345E+017	neutral	Tyga's Careless World moving down five spots to No. 48 with 8,300. Headed into his 10th week, the YMCB rapper's LP has sold 199,400 records.
1.99699072611914E+017	neutral	on my YM shit right now. just finished listening to I Am Not A Human Being. now going onto Pink Friday. after this, hello Careless World.
2.62842514208338E+017	negative	@o0ToucH0o we dont care about Carling Cup! Save it for #Looserpool! Yeah we lose also i wont be crying all night long on wednesday night!
2.63368741230883E+017	negative	Don't think Chelsea should appeal for Torres' red card. Let Sturridge play tomorrow. It's the Carling Cup, not PL.
2.63382091440464E+017	neutral	In the Carling Cup previously, Arsenal played their 2nd string, but even then you could count on Bendtner / Vela to grab a few goals #nb52
2.63982937924588E+017	neutral	Liverpool, CHAMPIONS of the Carling Cup last season, now KICKED OUT in just the 3rd round of the competition 3-1 by SWANSEA at ANFIELD.
2.63726997581218E+017	positive	Another #Chelsea vs #ManchesterUnited today for the 4th round of the Carling Cup!! Don't miss out
2.63771423749853E+017	positive	Have had two very enjoyable nights of Carling Cup action with Arsenal last night and CFC this. Will QPR v Reading on Sunday live up to it..?
2.25998566898942E+017	neutral	@DunkinBoston Because I went to my 1st match when I was 4? My last match was the Carling Cup Final. #DDLiverpool   http://t.co/IGhqM4Vo
2.46358852092694E+017	neutral	@ShutDownTheSun "these birds dont buy the sun" banner at the Carling Cup Final for Mikey Dye &amp; the LFC96 #DontBuyTheSun http://t.co/ZO2BKZcf
1.81326603744326E+017	neutral	@Siralex671 They launched the day of the Carling Cup Final, did you not see the Dont Buy The Sun posters? #DontBuyTheSunANYDAY #JFT96
2.41664946692297E+017	neutral	@rav_sagar @spencermorgan93 they will have the last laugh when we get to the Carling Cup Final.. result may vary.
2.10318502370886E+017	positive	@LivEchoLFC @Dirk_18_Kuyt @jamespearceecho Has to be the hat-trick against ManU....and in a very close 2nd the Carling Cup Final goal :o)
1.72649481869869E+017	positive	@rafvdvaart Hope you are fit for sunday, 3pts against Arsenal, better than watching the Carling Cup Final
2.48431915789611E+017	neutral	#FLEXTHURSDAY !! DIS THURSDAY!!!!!wit @FLEXCREWgotti @DA CROWS NEST WE CALLN OUT DA WHOL SOUF KUM KICK it Wit #PINKCITY!!!!!!!
2.48637158435459E+017	neutral	#FLEXTHURSDAY !! DIS THURSDAY!!!!!wit @FLEXCREWgotti @DA CROWS NEST WE CALLN OUT DA WHOL SOUF KUM KICK it Wit #PINKCITY!..
2.4863725922458E+017	neutral	#FLEXTHURSDAY !! DIS THURSDAY!!!!!wit @FLEXCREWgotti @DA CROWS NEST WE CALLN OUT DA WHOL SOUF KUM KICK it Wit #PINKCITY!,:-)
2.48458775760085E+017	neutral	@YungToneWorld #FLEXTHURSDAY !! DIS THURSDAY!!!!!wit @FLEXCREWgotti @DA CROWS NEST WE CALLN OUT DA WHOL SOUF KUM KICK it Wit #Flex
2.5155855268934E+017	neutral	Burger &amp; Blonde Friday today @moogb Crows Nest $2.00 Pure Blonde with any burger purchase!
2.59201489225015E+017	neutral	Heading to Crows Nest on Sunday to cover Ray White's celebrations for 110 years in the business of real estate.
2.55087818890703E+017	neutral	This song says everything about a break up ...Rope To Hang by Neil McSweeney: Dir. Sat Johal of Crows Nest Films http://t.co/sA8mXUJv
2.59175928662475E+017	neutral	Will be at Manly Market &amp; Mittagong on Saturday. Crows Nest  Fair and Kiama Market Sunday.  Hope to see you there
2.54063040033616E+017	positive	They say you are what you eat, but it's Friday and I don't care! #TGIF (@ Ogalo Crows Nest) http://t.co/l3uLuKGk
2.56984347935142E+017	neutral	#Nationals 9th Inning had that "4th Quarter #Redskins" feel, didn't it?  Coulda swore I saw Cundiff shank one from the mound.
2.55480934617477E+017	neutral	@SuperSkin"Van full of veteran kickers due into #Redskins Park tomorrow. No word on whether it will run over Cundiff." Watch it go wide Rt.
2.55771096744346E+017	neutral	Cundiff got released. I think he's outta the league now, especially if that quote on the TL this past Sunday was real
2.56609527783358E+017	neutral	Dirty Jim had to close that one out. If not, he may have started hearing comparisons to Cundiff in this town.
2.55696814286729E+017	neutral	If Cundiff would've made the Field Goal Sunday, I could've been eatin' a free 6in sub at Subway for lunch!
2.5572833022405E+017	positive	@AustinDB34 I know thats what Im saying lol Tucker straight outkicked Cundiff in camp, I'm glad he's gone. Didnt he miss one in the 4th qtr?
2.56464266952069E+017	positive	Rg is cleared for the Vikings game Sunday #goodmood   p.s. thank God we got rid of Cuntsniff or is it Cundiff?
2.63527525819503E+017	negative	Cupid did so much work da 1st time that he don't wanna be my friend no more
2.60787675873825E+017	neutral	Cupid and Psyche isn't an original Greek myth. It was a story in The Golden Ass by Apuleius and often cited as the 1st Fairy Tale.
2.61326581774041E+017	positive	@JordyGenevieve hahaha shut up Cupid! Yeah hopefully it does go good and Saturday and every other day!
2.60493482815287E+017	positive	@ben_hatton rumour has it Cupid has you on a piece of string ! Friday not sure Saturday rumours are funky town in gants hill the big V
2.61545687106322E+017	positive	Remember Cupid at Convo last year with the bomb candy bar?? If you liked that, you'll LOVE next Tuesday's Tr http://t.co/af9hu4pU
1.18152301532824E+017	negative	Aw what the hell Curtis Painter coming in and we give up 3rd and 18 conversion.
1.18152182263587E+017	negative	Curtis Painter's finally going to get a shot tonight.  I can't help but root for that guy!
1.18167524167782E+017	negative	Lmao RT @HeatherNoel13: Curtis painter looks like the kind of guy who would try to buy beer on Sunday. #scumbag
1.11483585390854E+017	negative	Peyton Manning ......... NOOOOOOOOOOOOOOOOOOOO!!! If Curtis Painter is starting on Sunday, I am going to lose my shit.
1.18151992605557E+017	neutral	Colts Backup QB Curtis Painter warming up. This could be it for Kerry Collins who may have a concussion. #NFL #Colts
1.19841676968722E+017	neutral	Colts to start Painter at QB on Monday vs. Bucs - Curtis Painter will make his first NFL start at quarterback for th... http://t.co/VVgWAqTn
1.1848287662599E+017	neutral	Curtis Painter was asked in interviews today if as the lead singer of Nirvana was getting the band back together.
1.19268781557162E+017	neutral	I've got a blog post coming up tomorrow. Topic? It's time to learn once and for all what Curtis Painter's got. Start the man. #Colts
1.1816751283898E+017	neutral	It's going to be a somber set tonight for Curtis Painter's Nickelback cover band, Something In Your Mouth.
1.18152030320734E+017	positive	Curtis Painter...we have a chance again! Can't believe Kerry Collins didn't throw us a pick-six tonight
1.12942221946405E+017	positive	Kerry Collins may look like an old mouse... and hold on to the ball like one... but is a Curtis Painter experiment REALLY that much better?
1.18167201797775E+017	positive	RT @PeterBurnsRadio: Curtis Painter is totally going to get lucky tonight, probably with another girl that looks just like him
1.18166757763584E+017	positive	The takeaway from tonight's game: the Colts' run defense was HUGE. And Curtis Painter rightfully owes us all (us especially) a big finger.
1.18362498155028E+017	positive	This may be a fact!! RT @RaheemBrock Curtis painter will help the colts win their first game! U heard it here first!!!
1.92143918392025E+017	neutral	Check out all of Monday's highlights in 2:19 with the Daily Zap: http://t.co/KfNhEft4
1.92143918392025E+017	neutral	Check out all of Monday's highlights in 2:19 with the Daily Zap: http://t.co/KfNhEft4
2.09167165633475E+017	neutral	Daily Zap OKC vs SAN June 2nd 2012:   Daily Zap OKC vs SAN June 2nd 2012  Check tonight's e... http://t.co/0o317Q3H Wait 5s,pressSKIP AD
1.87457349441696E+017	neutral	Daily Zap: April 3rd:   Daily Zap: April 3rd  Check out a whip around the league for all the highlights from ton... http://t.co/wCD04IL2
2.56279185079812E+017	neutral	NBA Video - The Daily Zap: All the action from Wednesday's six pack can be found right here in the Daily Zap. http://t.co/N1HoDRMa #NBA
2.63626522752066E+017	neutral	The @Cavs, @MiamiHEAT &amp; @DallasMavs tip-off the season with Ws Tuesday night. http://t.co/xl31hLWk Daily Zap: http://t.co/WM6ws7SV
2.56294300894233E+017	neutral	The Daily Zap - All the action from Wednesday's six pack can be found right here in the Daily Zap. http://t.co/nMS3vDEv
1.00004394355012E+017	neutral	@iTasteLikCandy whoaa , well during the breaks i bee in dallas , so i might visit you in November , December , March , & thee Summer .
1.00047699386188E+017	neutral	@letmeRyed o ok, well i'm not coming back to dallas tonight
1.00003164631208E+017	neutral	@murphylee r yall going to be in dallas friday & saturday?
1.00047792348742E+017	neutral	@sistersncloth Yes, the Dallas event did. Remind me to send you a link tomorrow. It was on 10:00 news too. Our Ft Worth event had none tho.
1.0000274301977E+017	neutral	Trying to go out tonight!!! Where is there to go out here in Dallas????
1.00018657404518E+017	positive	Dallas!!! Are you ready to come have a great night with us?! We can't wait to blow the roof off with you!
1.0003182679767E+017	positive	Good luck and have fun! I'm think about ya'll in Dallas today. @DallasBVB @BrunetteInBigD #Fight #Alzheimers
1.00047657380221E+017	positive	Hope @elianacwg_31  lives it up tonight.. love you mama.. Will visit Dallas soon :))
1.00019348588077E+017	positive	Win or lose I think most Dallas fans would agree it's just great to play in games as big as this one tonight again after yrs of mediocrity.
1.00019165590598E+017	positive	Yep and that might b my move in Dallas tonight RT @AntwannetteBond: True! Tht would b fun.. @Breedlove_08
2.53923432746598E+017	negative	And the new season opener is against the Dallas Stars on Thursday, Oct 25. You probably shouldn't buy tickets yet. Call me cynical.
2.60802256637669E+017	neutral	@puckchk did i read the barons schedule right when it said we play the dallas stars at home on sunday?
2.53164344601366E+017	neutral	Dallas Stars forward Jamie Benn has signed with the Hamburg Freezers in Germany. He could make his debut against Mannheim on Friday.
2.64082281575096E+017	neutral	Get your ticket for a Detroit Red Wings Bus Trip on March 22nd against the Dallas Stars. http://t.co/F0oOYTEQ
2.53687315241779E+017	neutral	Tonight, Obama was the Buffalo Sabres and Mitt was the Dallas Stars. It may not seem right to the Sabres fans, but Dallas still won.
2.56882077956452E+017	positive	FLASHBACK FRIDAY:The Dallas Stars settle victoriously in to their new digs at the AAC. WATCH: First Game http://t.co/633zqGP2
2.60038446981214E+017	positive	i wish the nhl and nhlpa to come to an agreement so i can go to dallas to see my dallas stars in march
2.61315391794598E+017	neutral	@AnaBanana12 do you like @OurNameIsFun? Presale is tomorrow for Jan 31st show at DAR Constitution Hall.
2.53593434428944E+017	neutral	Anybody want some Dispatch tickets. They are playing next Thursday (Oct 11( at DAR Constitution Hall with Good... http://t.co/RqSWNGmA
2.40667419671151E+017	neutral	Going to see Estelle - Sat 9/15 in Washington, DC at DAR Constitution Hall! Check out the tour dates here -  http://t.co/yS4GMo58
2.39184804149617E+017	neutral	I'm going to Anthony Hamilton at DAR Constitution Hall in Washington, DC - Sep 15 http://t.co/PEcRmVHl
2.15167745426334E+017	neutral	July 8th... It's goin down at DAR Constitution Hall... I'm gonna make this last part rhyme... MB Y'ALL!!!!!
2.48549036922122E+017	neutral	November 3rd-Norfolk, VA-NorVa Theatre (NAS ONLY)November 4th-Washington,DC - DAR Constitution Hall......for you concert seekers out there !
2.10153392989942E+017	neutral	Who would go see @KChenoweth with me at DAR Constitution Hall on sunday evening?
2.20333731842499E+017	neutral	think ima go to Nicki Concert @ the DAR Constitution Hall on the 21st.. 2 chainz gonna be dere
2.63302077059576E+017	positive	Shaquille O'Neal All-Star comedy jam @ DAR Constitution Hall Sat. 8pm Nov 3, 2012 Washington DC.. Looks like it will be a great show!!
2.63776477978456E+017	negative	@ooteeny @stuwaldy will NEVER but the sun Jo, never!  EVEN - for a guaranteed date with Dave Grohl!!! Even then!!!
2.56380364044505E+017	neutral	@matt_bearden I have snuck into the Sunday night VIP party at ACL.. Got to meet Dave Grohl and party open bar style
2.56767050364633E+017	neutral	Guy sat opposite me on the train is the spit of Dave Grohl
2.55038229949071E+017	neutral	Queens of the Stone Age &amp; Dave Grohl sat on the stool - Regular John from Glastonbury during the Song For The Deaf tour http://t.co/nbSntwba
2.54915097972072E+017	neutral	Queens of the Stone Age's Regular John from Glastonbury during the Song For The Deaf tour &amp; Dave Grohl sat on the stool http://t.co/mitUJIF7
2.59351220685263E+017	positive	@Kirsty_182 my older brother is going to see Tenacious D on Sunday and Dave Grohl is going to be playing the drums there!!!!!!!
2.25644551975612E+017	neutral	@BravoLacy David Taylor?  A few yrs ago, whn he 1st came 2 stl, he went by apostle. My hubs used 2 play for his services.
2.33970693879001E+017	neutral	@mcgeecraig come see @theiqonsband, @Tijuana_Bibles, @Stone_Fox_Chase, and David Taylor at PivoPivo with me next Saturday
2.40284747790688E+017	neutral	Brand new updated logo, edited by David Taylor the new Executive Producer of ROC-TV. First introduction video will be up tomorrow!
2.43710849544487E+017	neutral	Check out some live jazz music from David Taylor and Tom Ogunribido today from 12-2pm in the LPC Student Center 2nd floor dining area!
2.20074049089442E+017	neutral	"I don't know of a rule that could stop QLD playing David Taylor" - the NRL to us on if QLD can play Taylor tomorrow in #Origin3 #nrl
2.44353327679291E+017	neutral	'Clockwinder-who wouldn't say no'. Launch at the Commons on Tuesday. The biog of the late David Taylor is the untold story of a virtuous MP.
2.36560243843277E+017	positive	@JimGellatly  come with me, and you will see @theiqonsband, @Tijuana_Bibles, @Stone_Fox_Chase, and David Taylor at PivoPivo tomorrow night
2.517630691292E+017	positive	@davetaylor2112 Hey there David Taylor. Nice to have you along sir. How is your Friday? #mushroomfm
2.28770650041487E+017	negative	@MoTheRipper I was like Shy Glizzy bouta be up at DC Star Saturday and he said Nigga no im not
2.56032456820527E+017	neutral	Beenie Man will be performing at Echostage (DC Star) next friday for the HU Yardfest Afterparty (18+ event) contact @SocaYute for tickets
2.41684194621809E+017	neutral	"@FrencHMonTanA: DMV I will be Performing LIVE @ DC Star this Saturday w/ Big and the Band shout to Sunshine + Bennyt"
2.4158849704201E+017	positive	DMV I will be Performing LIVE @ DC Star this Saturday w/ Big and the Band shout to Sunshine + Bennyt
2.39811565937897E+017	positive	I Will Be Performing at the DC Star on September 1st Hope Yall Can Come Thru! http://t.co/UXZjcSul
2.35223841209737E+017	positive	My 2nd time seeing @NICKIMINAJ was wen me Kiaya n Chante went to the DC Star we stood in line @ 330pm n they open the club doors at 12am lol
2.63087341399327E+017	negative	@dorcov YUP. And did you watch Degrassi from friday yet? looool awkward campbell
2.63122113706201E+017	neutral	I think every Friday im going to tweet: yay degrassi tonight. #getusedtoit
2.63063232695112E+017	neutral	People that are like 3rd year seniors &lt;&lt; It's about time you move on w/ high school. This is not Degrassi where you're the same age forever
2.62383689839833E+017	neutral	pretty little liarssss timeee, because i missed the premier on tuesday :3 then degrassi, then jshore... WOO for being occupied
2.62791989945332E+017	neutral	was sat watching Degrassi then came to the realisation that Little Things will be aired in a while.
2.64175553316282E+017	positive	@degrassihaha Going to the Holy Land (Canada) tomorrow. If I'm lucky, I'll meet some of the Degrassi gang. Well, in my dreams :P.
2.62442167388209E+017	positive	but rest assures I am watching Degrassi, and loving it may i add. (;
9.66791520689889E+016	negative	@charliemax Democrats will quickly implode and concede.  Obama will either veto the Boehner bill or invoke the 14th Amend...then IMPEACH!
9.6908119757697E+016	negative	Once again Democrats spent all night and this morning trying to talk down the stock market...whatever happens there can be no blank check!
9.13394147641262E+016	negative	RE: @leighacton What the heck was obama doing for the 1st 2 years when Democrats controlled everything?!!! http://disq.us/2lpzqm
9.16870005743944E+016	neutral	Democrats defeat Republicans 8-2 in Congressional baseball game tonight.
1.04908489066947E+017	neutral	RT @TAN_Network: Foreign Minister Surapong to file complaint against Democrats with police on Mon at 3pm
9.44328531982582E+016	neutral	RT @jamiedupree: The mantra from Republicans to Democrats today is, 'if you don't like our plan, then where is your plan"
9.12302782442373E+016	positive	All of the "real" Democrats won their respective races & will move on 2 face the 6 recalled Republican state senators on August 9 #YesWeCan
9.66193336267694E+016	positive	RT @StevenTDennis: Today *very* rare day when Democrats will get healthier on their Club for Growth scorecards than most Republicans.
9.66191479742914E+016	positive	Today *very* rare day when Democrats will get healthier on their Club for Growth scorecards than most Republicans.
9.34970436156293E+016	positive	Well the cool thing with Democrats in power, DOMA is getting reviewed on the 20th.
1.94634714240393E+017	neutral	Mallshow with the #PBBUnlimited BIG 4 + Wendy, Divine, Deniesse at Pacific Mall Legaspi Landco Plaza, April 30, 6pm! Kitakits, Taongbayan :)
1.94634971951018E+017	neutral	UPDATE: Mallshow with the #PBBUnlimited BIG 4 + Wendy, Divine, Deniesse at Pacific Mall Legaspi Landco Plaza, April 30, 6pm! -- adminKIM
1.83753162899997E+017	positive	Err:508
1.94636321149559E+017	positive	@DENIESSEsters: Mallshow with the #PBBUnlimited BIG 4 + Wendy, Divine, Deniesse at Pacific Mall Legaspi Landco Plaza, April 30, 6pm! :)
1.8862918401119E+017	positive	Big 4 with Kevin, Deniesse, Devine, and Ryan sa kick off ng PBB Teen Edition 4 on Sunday, April 8 at 9pm.#excitedmuch!!!#BiggelonTV
2.06053011410272E+017	positive	Happy 3rd Monthsary #Loverss! :) Salamat sa pag support ky Ate @deniessejoaquin :) All for Deniesse, All for the Love. http://t.co/fSMBsxu5
2.64228066614723E+017	negative	@_JustAnother1 smh I'm just waiting on the black ppl to cuss me out tomorrow about Denzel lol NIGGAS!!!
2.642573356592E+017	neutral	I want to go watch Denzel's new movie tomorrow! Someone take meeeeeeeeeee.
2.64178691364495E+017	positive	7:15pm tomorrow night I have a date with Denzel! #Flight I can't wait!
2.64210601952281E+017	positive	@lakeshow73 it's out already?  Thought it was tomorrow? Denzel is the best EVER. Movie looks amazing.
2.64204267370451E+017	positive	Cant wait to see "Flight" on Saturday, Denzel is one of the best actors in the world alongside Leo and De Niro
2.64184542305346E+017	positive	Gotta go see Flight tomorrow Denzel is the greatest actor ever
2.6419163132502E+017	positive	That movie Flight with Denzel looks really good! May have to go check it out
